country,lecture,tutorial,informational,problem,exam,wiki,profile,book,other
USA,0.647329570032204,0.0305522037251839,0.03255276634395319,0.07666761413087396,0.058431598692750046,0.009126027838738737,0.03287461014445706,0.07143313736624676,0.040676859222150905
India,0.5405685996186563,0.01727074934597953,0.039014737421559254,0.10399738078904734,0.12708896278473192,0.005713281266740394,0.056428821768993866,0.04156351897815266,0.06822594241346355
Latvia,0.6795503469826942,0.025545682407303805,0.02856359502837507,0.06787522388047441,0.05813598725394046,0.008885713032754974,0.04344822512630453,0.05168651684716083,0.036308709440991786
Hungary,0.6410403505429766,0.02246640619502851,0.02845581660854775,0.07370291639177222,0.07741581071442026,0.007299193093258167,0.050005450160249515,0.057430960798142354,0.04194170192676124
