country,lecture,tutorial,informational,problem,exam,wiki,profile,book,other
US,0.647329570032204,0.0305522037251839,0.03255276634395319,0.07666761413087396,0.058431598692750046,0.009126027838738737,0.03287461014445706,0.07143313736624676,0.040676859222150905
IN,0.5405685996186563,0.01727074934597953,0.039014737421559254,0.10399738078904734,0.12708896278473192,0.005713281266740394,0.056428821768993866,0.04156351897815266,0.06822594241346355
CN,0.49193813608059356,0.027784122618331904,0.035172957546197224,0.10938878929993526,0.184872519570729,0.009861424906737741,0.05749725112564745,0.026515427096449003,0.05696937175537877
RU,0.6545751314049386,0.025798800943341173,0.02556589323619764,0.07803671663697076,0.0673330324881441,0.005727044479636715,0.049362062068490975,0.05760861295288781,0.03597679447735813
DE,0.649247378072066,0.031684164866069016,0.025914688307480376,0.0796524302566001,0.07290521433309849,0.00803627459072769,0.03897920902134445,0.055422730599980374,0.038076977609654915
PL,0.6873304297709973,0.025360110977847634,0.02158447339425155,0.06975014205472288,0.06720455929460621,0.004680282904307604,0.03938454044758543,0.04653465063901979,0.03786926823711335
BR,0.6831861265920128,0.02331172931107466,0.025682967416600103,0.07544736772675353,0.06653010713957062,0.00521565704483033,0.03844670699742893,0.042543521823645104,0.03962761931067289
